time,force_x,force_y,force_z,vibration_x,vibration_y,vibration_z,acoustic_emission_rms,tool_wear,ACTION_CODE
0,0.704,-0.387,-1.084,0.018,0.031,0.027,-0.004,198.892617,0
34,0.463,0.71,1.683,0.043,0.042,0.049,0.001,198.892617,0
68,0.782,1.589,-1.515,-0.028,-0.021,0.038,0.051,199.57081499999998,0
102,1.537,1.486,2.063,-0.078,-0.1,-0.055,0.048,199.57081499999998,0
136,1.186,-1.923,-2.612,-0.037,-0.035,-0.028,0.027,199.57081499999998,0
170,3.85,9.115,2.794,0.075,0.102,0.06,0.066,199.57081499999998,0
204,-3.799,8.972,0.119,-0.041,0.054,-0.06,0.072,200.302867,0
238,2.152,5.067,-2.601,-0.078,-0.027,-0.062,0.057,200.302867,0
272,1.905,1.989,5.097,0.04,0.037,-0.043,0.053,200.302867,0
306,3.869,8.584,-4.173,-0.111,-0.13,-0.148,0.072,201.083652,0
340,2.962,2.693,1.738,-0.106,-0.069,-0.012,0.082,201.083652,0
374,-0.294,4.968,7.482,0.009,0.029,0.017,0.074,201.083652,0
408,8.353,2.875,1.23,0.132,-0.06,0.181,0.066,202.250329,0
442,4.267,8.823,-2.597,-0.004,0.059,0.077,0.099,202.250329,0
476,-0.62,1.671,4.045,0.041,0.075,0.053,0.084,202.250329,0
510,3.178,-4.339,-0.01,0.003,-0.016,-0.087,0.108,206.28276599999998,0
544,7.394,16.859,0.905,0.093,0.008,0.136,0.082,206.28276599999998,0
578,1.974,-0.848,5.871,0.109,-0.034,0.019,0.087,206.28276599999998,0
612,0.762,3.75,0.605,0.033,0.023,0.026,0.027,206.28276599999998,0
646,1.101,-0.088,8.076,-0.172,-0.065,-0.198,0.102,209.976616,0
680,6.739,2.413,0.417,0.075,0.056,-0.009,0.094,209.976616,0
714,-0.908,9.06,-3.333,-0.064,-0.042,-0.046,0.116,209.976616,0
748,4.256,12.655,-1.255,-0.181,-0.173,-0.136,0.143,213.351288,0
782,-0.872,2.827,4.545,0.136,-0.035,0.079,0.109,213.351288,0
816,3.02,0.529,4.941,-0.021,0.029,-0.056,0.082,213.351288,0
850,4.799,3.065,-4.012,-0.056,-0.023,0.124,0.092,216.425391,0
884,7.059,8.698,1.121,-0.022,0.039,0.097,0.105,216.425391,0
918,-0.775,-1.849,5.104,-0.037,0.034,-0.001,0.108,216.425391,0
952,1.678,2.597,6.224,0.048,0.071,-0.023,0.117,219.216757,0
986,3.007,-1.314,-3.972,0.043,-0.026,0.033,0.114,219.216757,0
1020,6.188,6.04,3.283,0.0,-0.031,0.056,0.12,219.216757,0
1054,1.793,-3.312,8.794,-0.024,-0.098,-0.004,0.191,221.742468,0
1088,3.402,3.184,-4.015,-0.024,0.019,-0.009,0.112,221.742468,0
1122,9.6,0.743,-0.826,-0.005,-0.101,0.037,0.103,221.742468,0
1156,1.13,0.652,0.282,-0.062,-0.058,-0.073,0.154,221.742468,0
1190,2.732,-3.487,9.862,-0.053,0.075,-0.098,0.099,224.01887399999998,0
1224,2.968,9.023,-1.317,0.024,0.043,-0.018,0.107,224.01887399999998,0
1258,-0.113,-2.234,-0.68,0.083,0.121,0.085,0.133,224.01887399999998,0
1292,1.207,0.464,-3.801,-0.002,0.086,0.0,0.096,226.061624,0
1326,12.297,8.763,-0.144,-0.001,0.058,0.106,0.116,226.061624,0
1360,2.983,-6.734,5.614,0.056,0.094,-0.007,0.13,226.061624,0
1394,3.755,1.247,2.523,-0.006,0.077,0.023,0.085,227.88567999999998,0
1428,12.164,0.322,0.496,-0.017,-0.007,0.044,0.128,227.88567999999998,0
1462,6.195,8.423,2.393,-0.102,-0.059,-0.078,0.136,227.88567999999998,0
1496,3.504,-0.032,8.176,0.025,-0.024,0.087,0.315,229.505344,0
1530,2.633,-1.957,-5.578,-0.007,-0.03,-0.07,0.14,229.505344,0
1564,13.283,17.332,2.018,0.071,0.004,0.037,0.134,229.505344,0
1598,5.726,-0.217,6.42,-0.093,-0.036,-0.141,0.225,229.505344,0
1632,5.001,-3.785,-3.517,-0.116,-0.128,-0.176,0.11,230.934279,0
1666,14.259,20.457,1.882,0.087,0.091,0.143,0.118,230.934279,0
1700,7.818,-1.751,2.86,-0.066,0.026,-0.075,0.112,230.934279,0
1734,6.238,-1.807,9.969,-0.01,-0.183,0.109,0.123,232.18552699999998,0
1768,4.271,-3.595,-3.711,-0.129,-0.164,-0.173,0.147,232.18552699999998,0
1802,16.468,12.404,4.691,0.061,0.051,0.065,0.109,232.18552699999998,0
1836,8.856,2.7,5.624,0.013,-0.135,0.023,0.105,233.27152999999998,0
1870,10.92,1.438,-0.354,-0.13,-0.065,-0.037,0.154,233.27152999999998,0
1904,17.547,10.004,1.973,0.118,0.082,0.142,0.108,233.27152999999998,0
1938,12.508,12.864,-0.451,0.031,0.011,0.13,0.215,234.20415400000002,0
1972,8.002,0.223,7.002,-0.045,-0.136,-0.022,0.133,234.20415400000002,0
2006,9.032,-5.048,-4.627,-0.052,-0.044,-0.002,0.124,234.20415400000002,0
2040,18.376,11.37,5.777,-0.027,-0.108,-0.043,0.209,234.20415400000002,0
2074,8.799,0.673,9.427,0.087,-0.043,0.039,0.135,234.99470300000002,0
2108,10.515,-1.621,-2.339,-0.015,0.08,0.018,0.125,234.99470300000002,0
2142,17.253,7.399,2.232,0.042,-0.034,0.042,0.116,234.99470300000002,0
2176,0.256,-10.719,-0.598,-0.093,-0.085,-0.17,0.126,235.65393899999998,0
2210,3.244,12.88,1.387,0.001,0.018,-0.015,0.13,235.65393899999998,0
2244,3.357,0.799,-0.103,-0.015,0.06,0.007,0.116,235.65393899999998,0
2278,2.84,6.214,1.159,0.098,0.042,0.009,0.085,236.192103,0
2312,-0.509,-7.974,-3.263,-0.126,-0.074,-0.198,0.111,236.192103,0
2346,5.335,9.247,2.996,0.028,-0.053,-0.024,0.102,236.192103,0
2380,0.915,3.167,1.354,0.122,0.077,-0.103,0.18,236.61893099999998,0
2414,-1.764,-5.591,-2.444,-0.022,0.011,-0.101,0.137,236.61893099999998,0
2448,4.934,10.47,0.692,-0.025,-0.125,-0.046,0.11,236.61893099999998,0
2482,3.877,0.57,3.238,-0.125,0.074,-0.124,0.194,236.61893099999998,0
2516,5.254,14.88,-4.802,-0.136,-0.085,-0.162,0.131,236.943672,0
2550,0.952,-3.736,-3.967,-0.034,0.026,-0.026,0.12,236.943672,0
2584,3.639,6.432,3.834,0.043,-0.174,-0.076,0.106,236.943672,0
2618,1.253,11.119,-1.965,-0.065,0.045,-0.014,0.107,237.175103,0
2652,1.897,3.321,5.634,-0.157,-0.099,-0.101,0.124,237.175103,0
2686,4.315,3.625,-4.177,0.149,0.11,0.188,0.114,237.175103,0
2720,-0.269,-5.862,9.958,-0.014,0.054,0.017,0.091,237.32155,0
2754,5.414,7.118,0.264,-0.045,-0.038,0.027,0.123,237.32155,0
2788,8.21,5.345,-1.347,-0.14,-0.078,0.01,0.093,237.32155,0
2822,8.084,-4.092,-1.044,-0.075,0.013,0.072,0.158,237.390901,0
2856,1.48,8.388,-0.992,0.067,-0.056,0.005,0.125,237.390901,0
2890,1.55,2.822,10.813,0.022,-0.158,-0.068,0.123,237.390901,0
2924,2.517,1.439,-2.977,0.072,0.074,0.082,0.028,237.390901,0
2958,-3.972,6.313,-5.501,-0.118,-0.08,-0.156,0.098,237.390901,0
2992,9.629,3.239,-4.09,0.103,0.006,0.078,0.117,237.390901,0
3026,9.473,8.934,4.165,0.004,-0.087,-0.004,0.14,237.390901,0
3060,1.677,-4.395,10.929,0.042,0.06,0.091,0.116,237.390901,0
3094,0.892,5.935,-1.431,0.054,0.112,0.063,0.124,237.390901,0
3128,7.985,5.421,-1.889,0.196,0.104,0.228,0.102,237.390901,0
3162,3.448,14.293,-3.654,-0.007,0.074,0.07,0.093,237.390901,0
3196,3.663,3.478,9.089,-0.007,0.022,0.006,0.123,237.390901,0
3230,7.102,3.23,-4.57,0.074,0.138,0.094,0.101,237.390901,0
3264,8.891,-6.931,-2.314,-0.045,0.008,-0.078,0.118,237.390901,0
3298,1.764,5.129,-1.428,0.122,0.119,0.162,0.129,237.390901,0
3332,3.886,3.637,9.734,0.084,0.091,0.037,0.091,237.390901,0
3366,0.831,-5.13,11.063,0.143,0.043,0.128,0.171,237.390901,0
3400,-2.037,9.662,-4.047,-0.057,0.047,-0.14,0.115,237.390901,0
3434,9.882,0.414,-5.606,0.048,0.011,0.106,0.112,237.390901,0
3468,8.095,10.591,4.749,-0.062,0.034,0.067,0.147,237.390901,0
3502,5.226,-4.579,16.949,0.047,-0.008,-0.052,0.11,237.390901,0
3536,9.966,-1.895,-0.096,0.058,-0.011,0.09,0.193,237.390901,0
3570,1.104,-3.079,7.653,-0.114,-0.023,-0.113,0.135,237.390901,0
3604,2.923,-0.564,11.551,0.0,-0.002,-0.037,0.11,237.390901,0
3638,3.559,-1.454,-5.065,-0.028,-0.076,-0.026,0.144,237.390901,0
3672,7.832,14.048,11.629,-0.013,-0.036,-0.054,0.11,237.390901,0
3706,4.287,-5.293,12.689,-0.139,-0.026,-0.099,0.095,237.390901,0
3740,9.739,-3.664,3.074,0.072,-0.041,-0.01,0.128,237.390901,0
3774,0.507,-0.889,9.456,-0.046,0.044,-0.014,0.126,237.390901,0
3808,-2.923,-9.115,-3.99,0.042,-0.029,-0.201,0.199,237.390901,0
3842,3.418,11.922,5.932,-0.002,-0.052,-0.025,0.124,237.390901,0
3876,7.171,-0.224,0.426,-0.05,-0.062,-0.017,0.133,237.390901,0
3910,11.601,7.258,4.277,-0.044,-0.03,0.088,0.183,237.390901,0
3944,2.447,2.877,8.154,0.005,-0.125,-0.057,0.094,237.390901,0
3978,6.001,2.606,-1.832,-0.088,0.012,0.043,0.13,237.390901,0
4012,10.456,10.969,5.273,0.01,0.069,0.125,0.098,237.390901,0
4046,4.507,13.74,-4.341,-0.283,-0.179,-0.277,0.125,237.390901,0
4080,1.924,3.723,-1.774,0.048,-0.006,0.078,0.121,237.390901,0
4114,0.928,5.334,5.228,-0.101,-0.042,-0.123,0.082,237.390901,0
4148,5.849,-4.273,12.626,0.051,0.01,-0.007,0.104,237.390901,0
4182,5.876,12.139,-4.028,0.066,0.058,-0.019,0.104,237.390901,0
4216,0.077,1.33,4.132,-0.064,-0.049,-0.047,0.094,237.390901,0
4250,7.987,10.921,7.187,0.124,0.032,-0.068,0.139,237.390901,0
4284,5.256,7.101,0.846,0.011,-0.029,-0.108,0.116,237.390901,0
4318,1.845,-7.1,-4.475,0.053,0.042,0.03,0.151,237.390901,0
4352,2.187,6.295,9.088,-0.111,-0.036,-0.071,0.175,237.390901,0
4386,5.564,-2.903,16.526,-0.003,-0.011,-0.051,0.084,237.390901,0
4420,6.174,5.23,-3.91,-0.038,-0.07,-0.025,0.136,237.390901,0
4454,1.643,-4.553,2.861,-0.025,-0.057,-0.096,0.098,237.390901,0
4488,7.069,9.134,9.287,0.066,-0.097,-0.016,0.102,237.390901,0
4522,8.455,8.831,1.738,0.005,0.006,0.025,0.137,237.390901,0
4556,-1.218,-3.836,1.716,-0.052,0.008,0.017,0.115,237.390901,0
4590,2.899,4.068,-0.592,0.132,0.079,0.017,0.102,237.390901,0
4624,3.35,-1.036,14.55,-0.061,0.042,-0.121,0.109,237.390901,0
4658,9.833,8.727,-3.461,-0.008,-0.055,0.069,0.097,237.390901,0
4692,1.615,-3.639,14.705,-0.134,-0.041,-0.065,0.151,237.390901,0
4726,-3.096,-0.855,-0.744,0.008,0.059,-0.043,0.113,237.390901,0
4760,4.664,11.666,6.132,0.175,0.029,0.071,0.118,237.390901,0
4794,2.413,-1.509,0.224,-0.009,-0.026,0.009,0.057,237.390901,0
4828,0.755,5.764,6.55,0.008,-0.027,-0.014,0.099,237.39554900000002,0
4862,6.656,4.039,-2.885,-0.032,-0.075,-0.046,0.12,237.39554900000002,0
4896,7.332,6.033,12.912,0.147,0.04,-0.031,0.108,237.39554900000002,0
4930,7.893,1.423,-0.933,-0.103,-0.186,-0.144,0.107,237.92458,0
4964,0.293,3.632,8.378,0.106,0.01,0.056,0.114,237.92458,0
4998,-1.92,5.874,-0.688,0.074,0.148,0.043,0.088,237.92458,0
5032,6.763,7.035,-5.528,-0.105,-0.19,-0.103,0.096,238.429888,0
5066,2.673,7.67,1.066,-0.002,0.002,0.084,0.122,238.429888,0
5100,-0.397,3.207,4.513,0.009,-0.016,0.036,0.083,238.429888,0
5134,6.334,2.651,5.665,0.088,0.091,0.16,0.122,238.911696,0
5168,11.867,-0.367,0.299,0.064,-0.021,0.104,0.1,238.911696,0
5202,1.565,1.195,15.954,0.077,-0.006,-0.078,0.118,238.911696,0
5236,0.734,-3.036,14.598,0.156,0.157,0.291,0.174,239.37026300000002,0
5270,7.366,-2.965,-2.27,-0.167,-0.041,0.057,0.112,239.37026300000002,0
5304,7.964,15.498,10.447,-0.115,-0.014,-0.122,0.104,239.37026300000002,0
5338,7.036,5.372,3.047,-0.009,-0.019,-0.029,0.164,239.37026300000002,0
5372,11.375,-3.23,-1.684,0.131,0.135,0.04,0.112,239.805882,0
5406,6.1,3.667,13.477,0.01,-0.007,-0.052,0.11,239.805882,0
5440,6.898,5.665,0.494,0.109,0.081,0.024,0.099,239.805882,0
5474,-2.24,2.728,10.151,-0.086,0.115,-0.055,0.121,240.21888,0
5508,8.705,-2.243,-2.011,-0.103,0.006,0.017,0.123,240.21888,0
5542,10.08,1.01,15.672,0.001,-0.025,-0.047,0.08,240.21888,0
5576,9.18,0.135,-1.636,0.092,0.008,0.094,0.102,240.60960899999998,0
5610,1.063,10.101,3.538,-0.219,0.021,-0.019,0.112,240.60960899999998,0
5644,-0.487,1.244,2.929,0.029,0.039,0.071,0.084,240.60960899999998,0
5678,12.754,-6.289,4.011,-0.018,-0.219,-0.08,0.157,240.978452,0
5712,2.718,2.589,9.216,0.078,-0.028,0.059,0.112,240.978452,0
5746,-0.614,1.59,3.001,0.028,0.09,0.039,0.118,240.978452,0
5780,5.219,6.301,3.78,0.037,0.086,0.035,0.177,240.978452,0
5814,9.568,20.001,8.173,0.063,0.108,-0.016,0.102,241.325818,0
5848,7.061,8.53,1.99,-0.043,-0.089,-0.101,0.119,241.325818,0
5882,0.476,-1.513,0.078,0.007,0.096,0.078,0.12,241.325818,0
5916,8.566,6.137,-3.58,-0.149,-0.048,0.001,0.096,241.65213599999998,0
5950,9.94,15.154,5.967,0.171,0.232,0.371,0.112,241.65213599999998,0
5984,1.178,3.293,6.519,-0.201,-0.049,-0.257,0.109,241.65213599999998,0
6018,11.424,5.68,0.219,-0.139,-0.054,0.001,0.079,241.95785999999998,0
6052,10.061,5.663,1.146,-0.001,-0.028,0.013,0.096,241.95785999999998,0
6086,0.949,4.308,12.185,-0.031,-0.032,-0.182,0.093,241.95785999999998,0
6120,2.371,-6.292,16.062,-0.048,0.053,0.235,0.198,242.243463,0
6154,-0.481,10.191,-2.356,-0.052,0.054,-0.086,0.102,242.243463,0
6188,4.469,9.412,1.92,0.014,0.03,0.031,0.099,242.243463,0
6222,6.43,2.987,8.127,-0.064,0.03,-0.064,0.166,242.243463,0
6256,-1.254,1.396,3.458,-0.183,-0.024,-0.064,0.126,242.509436,0
6290,1.049,6.579,13.253,0.061,-0.013,0.031,0.102,242.509436,0
6324,7.644,3.78,-2.659,-0.072,-0.05,-0.059,0.103,242.509436,0
6358,-2.128,1.617,7.394,0.081,0.062,-0.133,0.137,242.756286,0
6392,3.062,-8.165,-0.646,0.061,-0.02,-0.042,0.113,242.756286,0
6426,4.082,7.589,12.664,-0.069,-0.073,-0.067,0.087,242.756286,0
6460,8.664,1.131,-5.878,0.119,0.078,0.127,0.091,242.984535,0
6494,9.32,19.209,11.203,-0.204,-0.005,-0.131,0.1,242.984535,0
6528,6.526,4.367,0.123,-0.076,-0.041,-0.071,0.101,242.984535,0
6562,6.36,4.492,-5.963,-0.006,0.038,0.123,0.123,243.194718,0
6596,10.435,25.448,5.453,-0.108,-0.187,-0.088,0.106,243.194718,0
6630,5.995,4.781,2.456,-0.069,-0.05,-0.071,0.11,243.194718,0
6664,-4.421,-2.054,1.799,0.088,0.116,0.024,0.072,243.194718,0
6698,7.872,-1.547,0.351,0.137,0.033,0.084,0.091,243.387384,0
6732,9.877,-2.406,17.656,0.032,-0.05,-0.042,0.097,243.387384,0
6766,9.495,11.48,-4.258,-0.032,-0.039,0.017,0.124,243.387384,0
6800,1.646,15.384,1.149,-0.027,-0.047,-0.036,0.124,243.56309,0
6834,1.843,5.826,6.786,-0.005,-0.029,0.044,0.122,243.56309,0
6868,5.395,5.008,1.034,-0.042,-0.041,0.078,0.085,243.56309,0
6902,3.979,19.992,1.891,0.021,0.129,0.22,0.096,243.72240299999999,0
6936,0.093,4.536,6.99,-0.005,0.019,0.008,0.123,243.72240299999999,0
6970,3.911,8.511,1.924,0.009,-0.037,0.038,0.087,243.72240299999999,0
7004,3.108,-1.58,14.157,0.084,0.046,0.036,0.123,243.86589600000002,0
7038,12.19,-2.721,-2.99,-0.004,0.027,-0.016,0.086,243.86589600000002,0
7072,10.185,1.895,18.287,0.149,0.068,0.09,0.123,243.86589600000002,0
7106,0.395,0.927,-0.341,0.013,-0.012,0.004,-0.005,243.994151,0
7140,-0.372,9.481,-0.385,-0.054,-0.133,-0.075,0.089,243.994151,0
7174,1.956,3.434,8.584,-0.095,-0.025,-0.13,0.082,243.994151,0
7208,9.933,3.479,-6.108,-0.038,0.023,0.018,0.168,243.994151,0
7242,4.053,-4.333,17.677,0.092,-0.022,0.026,0.119,244.107753,0
7276,-2.513,1.757,-5.217,-0.098,0.011,-0.036,0.101,244.107753,0
7310,6.279,6.054,2.635,0.022,-0.086,0.077,0.108,244.107753,0
7344,7.336,15.356,-9.207,0.034,0.084,-0.05,0.102,244.207293,0
7378,-1.027,4.661,-1.624,-0.096,-0.046,0.04,0.11,244.207293,0
7412,2.968,8.125,6.49,-0.047,0.012,-0.046,0.078,244.207293,0
7446,7.518,4.019,4.747,0.072,0.08,0.041,0.085,244.293363,0
7480,8.657,-3.538,-1.942,0.072,-0.053,0.126,0.078,244.293363,0
7514,4.391,3.568,14.895,-0.05,-0.022,-0.082,0.086,244.293363,0
7548,2.158,8.665,-2.307,0.053,-0.002,-0.07,0.184,244.366558,0
7582,7.863,-2.174,18.981,0.105,0.085,-0.103,0.079,244.366558,0
7616,9.052,5.185,-7.88,-0.164,-0.222,-0.118,0.116,244.366558,0
7650,0.912,-3.074,4.996,0.021,-0.036,0.04,0.153,244.366558,0
7684,11.579,-0.586,-6.491,0.015,-0.076,-0.067,0.12,244.427473,0
7718,9.4,8.527,13.197,-0.079,-0.183,-0.109,0.092,244.427473,0
7752,4.345,5.852,-1.21,0.037,0.034,-0.045,0.105,244.427473,0
7786,1.465,-0.013,-6.088,-0.016,0.064,0.065,0.11,244.476703,0
7820,6.881,13.743,6.978,-0.091,-0.16,-0.187,0.104,244.476703,0
7854,8.771,-0.037,-2.613,0.063,0.132,0.143,0.084,244.476703,0
7888,8.937,-5.454,16.448,0.0,-0.098,-0.043,0.101,244.51484299999998,0
7922,5.838,11.261,-7.23,-0.121,-0.126,-0.229,0.093,244.51484299999998,0
7956,1.954,2.848,5.521,-0.039,-0.042,-0.017,0.087,244.51484299999998,0
7990,9.192,16.297,-5.299,-0.015,-0.061,-0.063,0.178,244.542484,0
8024,-2.746,-4.105,-0.296,-0.111,-0.089,-0.025,0.084,244.542484,0
8058,3.25,3.067,10.794,0.023,-0.142,-0.026,0.082,244.542484,0
8092,9.997,3.929,-3.906,-0.136,0.028,0.102,0.235,244.542484,0
8126,7.389,-1.019,17.515,0.159,0.132,0.081,0.097,244.560216,0
8160,9.542,3.247,-4.63,-0.084,-0.101,-0.027,0.11,244.560216,0
8194,3.669,3.701,10.651,-0.02,0.056,0.026,0.138,244.560216,0
8228,2.027,4.568,0.817,0.14,0.011,-0.052,0.103,244.568624,0
8262,8.385,2.31,14.686,0.021,0.003,0.0,0.087,244.568624,0
8296,11.476,7.9,-7.013,0.045,0.01,0.096,0.113,244.568624,0
8330,2.843,-17.507,2.147,0.062,0.0,-0.056,0.097,244.568624,0
8364,8.801,2.911,15.03,0.075,-0.017,0.092,0.081,244.568624,0
8398,11.364,3.784,-9.016,-0.057,0.014,0.027,0.093,244.568624,0
8432,0.601,-2.864,15.893,-0.075,0.082,-0.082,0.164,244.568624,0
8466,0.878,-6.171,-2.105,-0.148,-0.013,-0.08,0.096,244.568624,0
8500,8.771,9.633,12.367,0.054,-0.098,-0.097,0.085,244.568624,0
8534,8.384,0.432,0.736,0.009,-0.013,0.122,0.193,244.568624,0
8568,6.398,15.528,-6.652,-0.1,-0.001,-0.04,0.107,244.568624,0
8602,-1.866,2.991,1.196,0.005,0.009,0.067,0.097,244.568624,0
8636,1.848,6.461,7.034,-0.254,-0.132,-0.28,0.158,244.568624,0
8670,1.096,6.971,4.977,0.024,0.004,-0.07,0.119,244.568624,0
8704,1.62,-4.488,-3.597,0.02,0.09,0.139,0.111,244.568624,0
8738,8.919,10.189,13.616,0.066,0.0,-0.058,0.098,244.568624,0
8772,10.048,6.837,-7.998,-0.015,0.099,-0.029,0.084,244.568624,0
8806,8.87,21.23,7.871,0.156,-0.02,0.004,0.101,244.568624,0
8840,4.679,1.239,-0.963,-0.031,0.003,-0.053,0.096,244.568624,0
8874,1.085,2.909,3.608,-0.009,-0.01,0.167,0.133,244.568624,0
8908,4.199,2.651,-0.61,0.217,0.002,-0.041,0.105,244.568624,0
8942,8.199,1.93,12.758,-0.035,0.095,-0.036,0.085,244.568624,0
8976,-0.052,3.395,0.272,0.034,0.018,0.028,-0.004,244.568624,0
9010,7.594,2.828,17.839,0.053,-0.112,-0.153,0.087,244.568624,0
9044,10.931,1.464,-6.03,0.015,0.048,0.098,0.106,244.568624,0
9078,9.244,7.379,16.285,-0.025,-0.006,-0.184,0.124,244.568624,0
9112,4.939,10.803,-0.143,0.103,0.14,0.058,0.108,244.568624,0
9146,-2.474,-0.356,-2.229,-0.036,0.018,0.045,0.112,244.568624,0
9180,1.336,3.904,5.787,0.058,0.105,-0.065,0.089,244.568624,0
9214,12.317,15.526,12.025,-0.006,0.003,0.005,0.094,244.568624,0
9248,6.608,11.558,-3.02,-0.129,-0.035,-0.065,0.117,244.568624,0
9282,-0.578,2.93,7.078,0.039,-0.018,0.034,0.094,244.568624,0
9316,10.404,1.403,18.209,0.213,-0.146,-0.108,0.098,244.568624,0
9350,10.904,5.527,-6.76,-0.055,0.0,0.058,0.072,244.568624,0
9384,9.918,13.879,15.373,-0.012,0.07,-0.105,0.099,244.568624,0
9418,-3.682,-7.338,-0.438,-0.062,-0.144,-0.148,0.204,244.568624,0
9452,3.682,4.433,16.62,-0.005,-0.049,-0.059,0.096,244.568624,0
9486,11.8,3.057,-5.647,0.039,0.054,0.143,0.096,244.568624,0
9520,17.235,4.783,19.643,0.073,-0.005,-0.129,0.188,244.568624,0
9554,-1.607,2.871,8.327,0.016,0.036,-0.201,0.11,244.568624,0
9588,-1.2,-3.244,-7.127,0.04,-0.087,-0.092,0.09,244.568624,0
9622,3.255,8.251,8.423,-0.198,-0.053,-0.131,0.103,244.568624,0
9656,7.628,16.323,-9.278,0.015,0.046,-0.106,0.124,244.568624,0
9690,4.212,12.589,9.811,-0.015,-0.051,-0.08,0.139,244.568624,0
9724,1.094,2.966,-3.649,-0.052,0.09,0.02,0.102,244.568624,0
9758,12.699,-2.077,-5.056,0.05,0.124,0.2,0.097,244.568624,0
9792,14.124,2.033,20.539,-0.075,-0.152,-0.129,0.089,244.568624,0
9826,10.545,8.292,-10.219,-0.069,-0.004,-0.01,0.087,244.568624,0
9860,2.401,4.744,5.743,-0.101,-0.029,0.039,0.151,244.568624,0
9894,2.341,5.686,-0.214,0.102,0.053,0.011,0.081,244.568624,0
9928,6.53,1.389,12.962,-0.122,0.028,-0.122,0.113,244.568624,0
9962,6.988,8.958,-3.209,-0.001,-0.025,0.245,0.21,244.568624,0
9996,-3.638,-8.91,-1.253,0.072,-0.044,-0.001,0.114,244.568624,0
10030,7.193,5.38,17.128,0.003,0.032,-0.013,0.081,244.568624,0
10064,10.281,6.799,-2.934,-0.031,-0.093,0.049,0.094,244.568624,0
10098,4.294,4.306,-0.289,0.202,0.045,0.086,0.116,244.568624,0
10132,1.983,3.743,14.789,-0.138,0.012,-0.224,0.095,244.568624,0
10166,2.071,1.686,-3.077,-0.096,-0.015,0.021,0.102,244.568624,0
10200,7.237,6.588,5.908,0.002,0.04,-0.034,0.091,244.568624,0
10234,4.332,0.708,0.31,0.043,-0.051,0.025,0.087,244.568624,0
10268,2.984,6.369,11.897,-0.017,-0.041,-0.095,0.085,244.568624,0
10302,8.393,0.159,22.64,0.124,0.012,0.137,0.14,244.568624,0
10336,12.977,0.591,-3.487,-0.078,0.024,0.052,0.076,244.568624,0
10370,18.466,2.859,20.824,-0.019,-0.093,-0.038,0.099,244.568624,0
10404,15.987,10.877,-4.863,0.011,0.069,0.213,0.249,244.568624,0
10438,6.71,6.451,20.107,-0.019,0.053,0.17,0.1,244.568624,0
10472,13.299,3.843,-6.298,0.03,-0.016,-0.04,0.095,244.568624,0
10506,18.616,8.505,20.542,0.023,0.027,-0.148,0.14,244.568624,0
10540,2.923,20.644,0.787,-0.132,-0.013,0.042,0.122,244.568624,0
10574,5.819,4.573,13.408,-0.072,0.032,-0.007,0.099,244.568624,0
10608,15.834,9.291,-8.176,-0.129,-0.119,-0.004,0.116,244.568624,0
10642,9.37,26.507,1.531,-0.02,-0.172,0.063,0.102,244.568624,0
10676,6.113,2.429,16.547,0.004,0.016,0.178,0.092,244.568624,0
10710,4.464,-1.057,-5.767,0.044,0.203,0.091,0.079,244.568624,0
10744,11.62,-9.628,23.062,0.074,0.075,-0.103,0.156,244.568624,0
10778,-0.217,5.595,2.603,0.149,0.147,0.117,0.109,244.568624,0
10812,7.731,-4.877,-5.681,-0.073,0.052,-0.051,0.096,244.568624,0
10846,9.408,2.722,9.05,0.148,0.028,-0.023,0.265,244.568624,0
10880,6.552,4.196,17.841,0.085,0.123,0.102,0.102,244.568624,0
10914,4.591,2.573,2.954,-0.066,-0.032,0.001,0.086,244.568624,0
10948,10.624,6.966,-5.971,-0.001,-0.069,0.115,0.136,244.568624,0
10982,0.196,4.656,0.02,-0.046,0.01,0.079,0.104,244.568624,0
11016,7.192,2.805,15.773,-0.02,0.034,0.08,0.106,244.568624,0
11050,1.33,-0.255,3.933,-0.127,-0.201,-0.015,0.079,244.568624,0
11084,3.399,7.811,-8.243,-0.063,-0.018,-0.155,0.102,244.568624,0
11118,-4.502,-2.826,-3.023,0.007,0.051,0.019,0.091,244.568624,0
11152,18.054,8.888,21.058,0.029,-0.084,-0.001,0.082,244.568624,0
11186,14.343,13.305,-6.46,0.228,0.11,0.006,0.136,244.568624,0
11220,7.585,-9.186,-1.448,-0.013,-0.086,0.01,0.104,244.568624,0
11254,2.037,10.773,7.499,0.138,-0.001,0.11,0.096,244.568624,0
11288,-0.865,1.98,1.615,0.097,0.094,0.071,-0.004,244.568624,0
11322,6.317,3.374,19.687,-0.084,-0.116,0.058,0.117,244.568624,0
11356,4.758,0.861,0.895,-0.121,-0.027,-0.003,0.096,244.568624,0
11390,10.484,6.448,-6.463,-0.069,-0.087,0.17,0.13,244.568624,0
11424,10.258,2.402,17.739,0.101,0.034,0.081,0.106,244.568624,0
11458,2.731,-0.228,4.901,0.132,-0.038,0.004,0.103,244.568624,0
11492,18.082,9.49,-5.995,-0.123,-0.113,0.101,0.094,244.568624,0
11526,3.797,-1.798,20.232,-0.084,0.001,0.091,0.099,244.568624,0
11560,5.229,3.878,-3.115,0.01,0.145,0.089,0.101,244.568624,0
11594,7.604,7.786,-2.382,0.061,-0.175,0.124,0.101,244.568624,0
11628,3.777,1.126,-8.638,-0.024,0.051,-0.007,0.129,244.568624,0
11662,-4.933,-1.918,-4.026,0.076,-0.006,0.024,0.11,244.568624,0
11696,18.542,6.845,24.962,0.054,-0.055,-0.056,0.095,244.568624,0
11730,0.309,22.417,0.535,0.022,0.077,0.14,0.243,244.568624,0
11764,10.464,4.208,19.771,-0.133,-0.152,-0.043,0.115,244.568624,0
11798,4.056,-2.418,2.456,0.017,0.025,0.064,0.096,244.568624,0
11832,14.638,9.946,-7.592,0.176,0.139,0.306,0.153,244.568624,0
11866,-3.983,2.185,9.552,-0.027,-0.124,-0.218,0.106,244.568624,0
11900,8.331,-1.676,-6.419,0.045,0.053,0.002,0.101,244.568624,0
11934,5.775,6.705,3.491,-0.035,-0.036,0.103,0.083,244.568624,0
11968,-5.779,-9.183,-4.112,0.141,-0.083,-0.278,0.112,244.568624,0
12002,17.058,12.023,19.039,-0.046,-0.001,-0.044,0.091,244.568624,0
12036,3.346,2.608,4.669,0.069,0.182,0.038,0.116,244.568624,0
12070,1.999,25.863,-0.154,-0.022,0.139,0.093,0.104,244.568624,0
12104,13.591,5.607,21.487,0.019,-0.028,-0.084,0.093,244.568624,0
12138,14.572,4.725,-5.239,-0.027,-0.025,-0.025,0.089,244.568624,0
12172,-5.938,-0.264,-1.556,0.279,0.046,-0.068,0.2,244.568624,0
12206,18.117,3.771,23.042,0.055,-0.083,-0.102,0.092,244.568624,0
12240,4.25,-1.543,6.749,0.019,0.051,0.036,0.099,244.568624,0
12274,11.844,9.009,-8.0,0.002,-0.155,0.092,0.165,244.568624,0
12308,12.599,3.436,20.417,0.128,-0.095,0.217,0.074,244.568624,0
12342,3.703,2.292,5.257,0.025,0.04,0.088,0.1,244.568624,0
12376,16.973,12.418,-5.96,-0.118,-0.105,-0.012,0.108,244.568624,0
12410,5.677,-3.481,16.84,-0.035,-0.063,-0.149,0.114,244.568624,0
12444,16.552,9.346,-7.758,-0.017,0.087,0.042,0.109,244.568624,0
12478,-1.876,0.468,-2.346,0.215,0.078,0.238,0.108,244.568624,0
12512,-6.511,11.018,-0.826,-0.05,-0.055,-0.196,0.102,244.568624,0
12546,20.601,-0.154,25.679,0.227,0.005,0.07,0.102,244.568624,0
12580,6.251,-2.546,-1.844,0.032,0.005,-0.011,0.106,244.568624,0
12614,3.688,-12.897,-0.914,-0.119,-0.126,-0.172,0.144,244.568624,0
12648,9.298,21.913,6.123,0.057,-0.059,-0.005,0.106,244.568624,0
12682,11.573,6.463,22.108,-0.008,-0.04,-0.093,0.08,244.568624,0
12716,3.776,5.09,2.082,-0.154,-0.132,-0.014,0.269,244.568624,0
12750,7.71,5.446,-7.962,-0.125,-0.038,-0.077,0.114,244.568624,0
12784,3.111,4.981,-3.135,-0.079,-0.077,0.034,0.113,244.568624,0
12818,16.006,4.098,25.258,0.007,-0.005,-0.058,0.118,244.568624,0
12852,4.057,1.061,-2.057,0.073,-0.054,0.044,0.113,244.568624,0
12886,14.976,4.988,17.773,0.047,-0.189,-0.02,0.107,244.568624,0
12920,-6.226,5.123,8.811,0.008,-0.031,-0.186,0.098,244.568624,0
12954,7.594,-9.015,-5.079,0.067,0.025,-0.226,0.084,244.568624,0
12988,7.749,20.425,4.716,0.111,0.025,0.125,0.1,244.568624,0
13022,17.728,10.458,22.061,0.021,0.151,-0.061,0.102,244.568624,0
13056,17.225,-0.959,28.858,-0.044,0.138,0.126,0.138,244.581625,0
13090,12.279,9.46,-0.841,-0.017,-0.02,-0.06,0.113,244.581625,0
13124,8.24,2.117,-10.076,-0.043,-0.132,0.018,0.091,244.581625,0
13158,1.195,0.518,1.358,-0.033,-0.031,-0.04,-0.005,244.889722,0
13192,9.015,-3.999,-2.319,0.05,-0.095,0.12,0.122,244.889722,0
13226,7.939,13.444,13.867,0.11,0.166,0.127,0.118,244.889722,0
13260,3.697,8.655,12.848,0.063,0.052,-0.058,0.159,244.889722,0
13294,0.76,0.603,8.598,0.099,0.142,0.002,0.078,245.191104,0
13328,11.23,2.497,-8.767,-0.057,-0.019,-0.034,0.121,245.191104,0
13362,-6.567,-1.056,3.95,-0.138,-0.082,-0.13,0.101,245.191104,0
13396,8.878,32.435,5.026,-0.019,-0.122,-0.091,0.1,245.485693,0
13430,13.545,0.876,24.582,-0.021,0.009,-0.305,0.101,245.485693,0
13464,3.415,3.514,-0.429,-0.047,-0.012,-0.114,0.107,245.485693,0
13498,16.964,-4.12,-3.788,-0.04,-0.08,-0.047,0.105,245.773435,0
13532,0.45,10.96,5.602,-0.133,-0.04,-0.009,0.121,245.773435,0
13566,10.861,13.015,22.49,-0.062,-0.077,-0.169,0.079,245.773435,0
13600,-1.204,9.009,0.995,0.163,-0.094,-0.004,0.207,246.05428999999998,0
13634,18.175,0.212,24.187,-0.198,0.236,0.181,0.112,246.05428999999998,0
13668,-3.768,1.774,8.216,0.079,0.118,0.121,0.128,246.05428999999998,0
13702,14.998,5.759,-4.568,0.219,0.203,0.205,0.185,246.05428999999998,0
13736,1.741,-0.327,17.4,0.005,0.067,-0.163,0.088,246.328243,0
13770,9.709,7.325,-7.431,0.019,0.08,0.034,0.128,246.328243,0
13804,-6.159,-0.583,-1.225,0.021,0.104,0.234,0.091,246.328243,0
13838,17.668,14.191,18.46,0.085,-0.054,-0.009,0.104,246.595291,0
13872,-2.181,4.565,12.506,0.024,0.037,-0.12,0.114,246.595291,0
13906,14.045,4.902,-5.914,-0.137,0.013,-0.068,0.095,246.595291,0
13940,10.736,-9.021,0.032,0.229,-0.151,0.03,0.09,246.855455,0
13974,7.801,18.694,14.592,0.066,0.022,0.059,0.114,246.855455,0
14008,4.156,11.445,17.616,-0.049,0.054,-0.19,0.093,246.855455,0
14042,16.836,5.371,18.607,0.127,-0.15,-0.026,0.198,247.108769,0
14076,-1.483,1.153,7.615,0.011,0.075,0.004,0.1,247.108769,0
14110,11.754,4.911,-10.708,-0.008,0.052,-0.001,0.113,247.108769,0
14144,-5.178,-3.286,0.904,-0.001,0.053,0.121,0.271,247.108769,0
14178,16.759,-4.948,21.913,0.107,-0.096,0.199,0.102,247.35528499999998,0
14212,0.403,2.993,2.615,-0.081,-0.14,-0.147,0.149,247.35528499999998,0
14246,13.172,4.351,-9.245,-0.059,0.048,0.111,0.098,247.35528499999998,0
14280,11.318,14.714,-6.193,-0.058,-0.045,-0.147,0.101,247.595074,0
14314,3.942,-5.516,-8.508,-0.039,0.042,0.06,0.114,247.595074,0
14348,6.626,3.948,10.737,0.065,0.039,-0.073,0.114,247.595074,0
14382,8.065,-2.283,21.485,-0.059,0.025,0.047,0.092,247.828221,0
14416,5.912,9.036,-7.462,0.102,0.18,0.031,0.101,247.828221,0
14450,-2.68,0.219,-9.534,-0.067,-0.154,-0.053,0.098,247.828221,0
14484,15.075,-3.077,-9.02,0.073,0.062,0.019,0.177,248.054826,0
14518,-5.173,5.159,0.288,0.005,-0.073,-0.008,0.113,248.054826,0
14552,17.548,10.402,19.522,0.01,0.092,0.092,0.101,248.054826,0
14586,1.715,-1.421,3.545,-0.08,-0.146,-0.109,0.212,248.054826,0
14620,8.245,12.344,-10.069,-0.007,0.019,-0.066,0.106,248.275005,0
14654,-6.851,-1.215,-5.189,0.077,-0.013,0.12,0.154,248.275005,0
14688,24.423,16.001,21.77,-0.066,0.144,-0.042,0.112,248.275005,0
14722,2.214,-10.643,-2.655,0.228,0.157,0.194,0.104,248.488888,0
14756,2.945,11.995,4.071,0.023,-0.082,-0.015,0.135,248.488888,0
14790,21.15,11.344,21.326,0.017,0.069,0.06,0.113,248.488888,0
14824,-3.867,0.526,10.786,-0.057,0.033,-0.102,0.081,248.69662,0
14858,12.944,7.006,-8.019,-0.046,0.149,0.078,0.098,248.69662,0
14892,4.415,4.357,-10.353,0.092,-0.013,0.168,0.107,248.69662,0
14926,8.591,-10.009,-5.355,0.135,0.059,-0.086,0.171,248.898359,0
14960,-7.567,-0.853,-2.942,0.08,-0.035,-0.006,0.146,248.898359,0
14994,17.17,13.614,21.198,-0.005,0.054,0.031,0.085,248.898359,0
15028,-3.739,0.112,-0.339,0.01,0.012,0.124,0.162,248.898359,0
15062,8.575,22.567,7.883,-0.134,0.009,0.032,0.101,249.094273,0
15096,13.491,13.032,19.828,0.138,0.117,-0.033,0.138,249.094273,0
15130,1.404,-2.328,4.46,-0.045,-0.09,-0.101,0.171,249.094273,0
15164,12.139,0.52,25.651,-0.083,-0.031,-0.154,0.111,249.284548,0
15198,5.387,3.836,3.731,-0.006,0.018,0.087,0.115,249.284548,0
15232,22.394,10.559,-9.288,-0.057,-0.07,-0.087,0.117,249.284548,0
15266,13.421,12.345,-11.972,-0.247,0.042,-0.023,0.098,249.469375,0
15300,6.911,-4.35,-7.779,0.109,0.085,0.236,0.113,249.469375,0
15334,-3.141,1.669,8.042,0.106,0.026,0.164,0.121,249.469375,0
15368,-5.529,9.535,0.009,0.163,-0.07,-0.072,0.119,249.64896099999999,0
15402,14.685,16.052,15.438,-0.045,-0.052,-0.104,0.125,249.64896099999999,0
15436,9.314,11.809,20.293,-0.045,0.07,-0.15,0.104,249.64896099999999,0
15470,18.805,-6.006,33.599,0.015,0.038,-0.146,0.208,249.823522,0
15504,3.244,6.408,2.959,-0.104,0.058,0.008,0.128,249.823522,0
15538,13.036,6.512,-10.37,-0.05,0.116,-0.021,0.134,249.823522,0
15572,-5.548,0.472,-9.912,-0.239,-0.122,0.156,0.199,249.823522,0
15606,-1.03,18.046,2.382,-0.004,-0.008,0.014,0.116,249.99328400000002,0
15640,20.642,9.892,23.998,0.038,0.027,-0.031,0.13,249.99328400000002,0
15674,-0.734,3.112,7.378,-0.036,0.101,-0.099,0.113,249.99328400000002,0
15708,14.205,-4.015,29.651,0.121,-0.039,-0.028,0.099,250.158481,0
15742,-1.364,5.548,3.56,0.019,0.074,-0.051,0.1,250.158481,0
15776,17.839,8.769,-9.889,-0.1,0.0,-0.136,0.115,250.158481,0
15810,10.58,29.967,6.002,0.055,-0.012,0.001,0.134,250.319358,0
15844,17.771,9.08,25.598,-0.039,-0.102,-0.076,0.129,250.319358,0
15878,-0.779,-1.902,4.857,0.03,-0.033,-0.016,0.094,250.319358,0
15912,-6.459,-8.888,-2.301,0.084,-0.057,-0.108,0.202,250.476168,0
15946,6.854,23.742,4.849,0.072,0.046,0.13,0.125,250.476168,0
15980,24.576,12.673,27.647,-0.072,-0.009,0.009,0.133,250.476168,0
16014,-4.006,-1.247,4.4,0.091,0.058,-0.034,0.274,250.476168,0
16048,16.928,-4.008,-7.788,0.02,0.11,0.039,0.106,250.629168,0
16082,-4.704,-0.385,-5.445,0.008,-0.015,0.112,0.13,250.629168,0
16116,8.957,4.907,20.91,-0.048,0.008,0.002,0.15,250.629168,0
16150,-0.979,1.244,9.136,-0.092,-0.046,-0.091,0.086,250.778628,0
16184,19.73,8.057,-9.927,0.013,0.044,0.024,0.101,250.778628,0
16218,-5.316,2.129,-7.905,-0.03,-0.021,0.032,0.11,250.778628,0
16252,24.171,17.881,20.603,-0.053,-0.107,-0.053,0.102,250.924819,0
16286,8.982,7.069,22.048,-0.168,0.05,-0.105,0.135,250.924819,0
16320,6.58,2.585,-2.665,-0.109,-0.005,-0.139,0.103,250.924819,0
16354,20.363,-7.005,34.317,-0.107,-0.015,0.007,0.182,251.179763,0
16388,5.449,8.682,2.412,-0.068,-0.046,-0.164,0.131,251.179763,0
16422,17.219,5.75,-11.835,-0.002,-0.039,-0.168,0.104,251.179763,0
16456,-9.369,-4.495,-4.665,-0.046,-0.182,0.061,0.232,251.179763,0
16490,12.976,6.107,-11.754,-0.036,0.01,-0.101,0.114,251.59747199999998,0
16524,-8.891,1.722,-8.086,0.014,-0.02,0.03,0.119,251.59747199999998,0
16558,15.346,8.39,24.061,0.107,0.18,0.03,0.126,251.59747199999998,0
16592,12.135,-4.869,-6.34,0.111,0.176,-0.003,0.106,252.021537,0
16626,-8.9,-1.098,-1.985,0.073,0.021,0.082,0.103,252.021537,0
16660,25.25,15.138,25.653,-0.137,-0.004,-0.086,0.106,252.021537,0
16694,21.483,-1.953,28.871,0.06,0.025,0.009,0.1,252.451651,0
16728,-0.275,4.795,6.256,0.001,0.008,-0.063,0.089,252.451651,0
16762,21.907,7.941,-13.272,-0.048,0.024,-0.042,0.135,252.451651,0
16796,-6.15,13.723,0.943,0.174,-0.031,0.013,0.157,252.887502,0
16830,22.802,7.452,24.019,0.051,-0.065,0.013,0.116,252.887502,0
16864,-1.272,3.841,11.116,-0.1,0.07,-0.143,0.101,252.887502,0
16898,11.148,6.886,2.274,0.05,0.048,0.276,0.143,252.887502,0
16932,14.94,1.777,-9.268,-0.133,-0.082,-0.012,0.103,253.328774,0
16966,-11.535,-0.932,-5.963,0.053,0.022,0.074,0.12,253.328774,0
17000,23.566,12.06,27.001,-0.083,-0.032,-0.25,0.128,253.328774,0
17034,18.463,-0.092,-8.77,0.01,0.038,0.069,0.102,253.775148,0
17068,-6.76,-2.388,-1.003,-0.001,-0.027,0.05,0.09,253.775148,0
17102,16.369,8.782,22.763,-0.135,0.047,-0.259,0.117,253.775148,0
17136,25.16,0.112,32.175,-0.145,-0.144,0.157,0.087,254.226303,0
17170,0.833,4.673,10.287,0.145,0.129,0.156,0.09,254.226303,0
17204,23.589,12.18,-13.222,-0.175,-0.102,-0.05,0.124,254.226303,0
17238,15.021,-7.368,-7.928,-0.084,0.022,-0.076,0.093,254.681915,0
17272,-7.993,4.887,1.751,0.054,-0.062,0.071,0.091,254.681915,0
17306,23.007,12.799,30.168,-0.012,-0.061,-0.037,0.105,254.681915,0
17340,-0.578,0.915,11.357,-0.075,0.167,-0.003,0.19,255.141659,0
17374,20.267,9.383,-12.295,0.138,0.091,-0.081,0.098,255.141659,0
17408,-7.212,-1.541,-9.819,0.066,-0.123,0.014,0.106,255.141659,0
17442,12.247,6.589,22.444,-0.15,0.054,0.224,0.168,255.141659,0
17476,21.498,2.28,-8.407,0.142,0.073,0.096,0.092,255.605209,0
17510,-11.709,-3.947,-5.246,-0.085,0.062,0.231,0.092,255.605209,0
17544,16.502,12.186,27.263,-0.078,-0.125,-0.122,0.109,255.605209,0
17578,9.483,12.058,-10.113,-0.008,0.175,-0.004,0.114,256.072235,0
17612,9.609,2.554,-11.853,0.175,0.001,0.229,0.085,256.072235,0
17646,2.935,0.088,17.365,0.068,-0.101,0.071,0.119,256.072235,0
17680,2.369,-19.459,-4.208,0.058,-0.047,0.184,0.132,256.542412,0
17714,3.323,15.694,10.231,0.07,-0.1,-0.04,0.123,256.542412,0
17748,22.134,16.693,26.33,-0.065,-0.083,-0.02,0.087,256.542412,0
17782,21.43,-9.234,31.235,0.2,-0.141,0.196,0.2,257.01541199999997,0
17816,0.067,4.037,1.814,-0.078,0.007,-0.037,0.107,257.01541199999997,0
17850,10.164,2.768,-14.94,-0.031,-0.055,0.058,0.12,257.01541199999997,0
17884,1.234,-2.116,12.904,0.187,-0.119,-0.11,0.19,257.01541199999997,0
17918,2.353,3.423,18.369,-0.034,0.077,0.354,0.098,257.490906,0
17952,17.509,0.877,-2.541,-0.072,-0.059,-0.121,0.107,257.490906,0
17986,15.508,9.542,-10.431,-0.119,-0.035,0.113,0.097,257.490906,0
18020,12.163,11.14,-15.977,-0.24,0.042,-0.083,0.109,257.96857,0
18054,9.626,-0.617,-9.868,0.141,-0.022,0.082,0.089,257.96857,0
18088,-4.081,-6.431,10.592,0.101,-0.204,0.016,0.1,257.96857,0
18122,7.66,10.912,-7.193,-0.009,0.029,0.081,0.103,258.448077,0
18156,24.606,3.464,-10.89,-0.099,-0.05,0.035,0.15,258.448077,0
18190,-7.212,0.593,-3.913,0.15,-0.006,0.142,0.151,258.448077,0
18224,-8.807,-3.629,-5.499,0.156,0.154,0.28,0.169,258.929106,0
18258,14.308,23.256,13.223,-0.049,-0.003,0.022,0.146,258.929106,0
18292,20.818,16.499,26.682,-0.207,0.169,0.076,0.098,258.929106,0
18326,-11.38,-1.784,4.171,0.085,0.12,-0.036,0.173,258.929106,0
18360,18.824,4.984,-11.01,-0.159,-0.109,-0.057,0.114,259.411335,0
18394,-12.41,-5.669,-7.714,-0.028,-0.091,0.057,0.091,259.411335,0
18428,7.368,1.324,15.126,0.118,0.044,-0.023,0.13,259.411335,0
18462,-1.08,19.471,4.197,0.007,0.14,0.253,0.116,259.894445,0
18496,22.802,8.135,23.947,-0.106,-0.114,-0.164,0.077,259.894445,0
18530,4.891,7.775,11.859,0.035,-0.114,-0.09,0.106,259.894445,0
18564,22.15,11.29,20.383,0.153,-0.143,0.16,0.092,260.37812199999996,0
18598,12.922,9.732,24.281,-0.069,-0.016,-0.02,0.105,260.37812199999996,0
18632,14.082,0.041,-0.04,0.19,0.17,0.118,0.121,260.37812199999996,0
18666,-8.64,2.243,-2.268,0.043,-0.108,0.16,0.14,260.862053,0
18700,5.5,15.066,11.285,0.005,-0.044,0.14,0.119,260.862053,0
18734,24.848,16.332,29.929,0.043,-0.119,-0.115,0.107,260.862053,0
18768,-0.232,-2.702,5.392,0.046,-0.085,-0.091,0.142,260.862053,0
18802,24.283,5.738,29.105,-0.03,0.03,-0.044,0.101,261.345929,0
18836,2.802,1.751,4.997,-0.103,-0.081,-0.125,0.112,261.345929,0
18870,28.528,10.528,-13.929,-0.088,0.007,0.055,0.134,261.345929,0
18904,4.979,24.964,5.453,-0.171,-0.199,-0.185,0.112,261.829446,0
18938,41.744,11.347,33.901,-0.009,-0.122,-0.054,0.095,261.829446,0
18972,-6.674,-0.193,4.609,0.11,-0.003,-0.12,0.127,261.829446,0
19006,-0.818,3.29,16.383,0.036,0.122,0.131,0.098,262.312304,0
19040,22.982,7.773,-6.163,-0.108,0.075,0.047,0.118,262.312304,0
19074,9.973,10.127,-13.044,0.018,-0.03,0.197,0.126,262.312304,0
19108,-9.378,-2.099,-3.735,-0.019,-0.208,-0.222,0.123,262.79420700000003,0
19142,19.179,22.244,19.276,-0.012,0.045,0.046,0.108,262.79420700000003,0
19176,21.684,16.908,27.146,-0.1,-0.07,-0.184,0.113,262.79420700000003,0
19210,-16.41,5.037,-2.426,0.016,-0.168,-0.159,0.188,263.274865,0
19244,28.246,18.018,24.825,-0.047,0.013,0.08,0.124,263.274865,0
19278,12.504,8.827,23.148,-0.007,-0.008,0.075,0.086,263.274865,0
19312,9.58,3.125,-0.012,0.242,0.209,-0.094,0.147,263.274865,0
19346,33.836,11.254,32.225,0.04,-0.103,-0.014,0.1,263.753993,0
19380,0.947,8.006,16.399,-0.062,0.039,-0.134,0.094,263.753993,0
19414,13.902,3.859,-6.23,-0.115,-0.021,-0.114,0.094,263.753993,0
19448,-0.562,6.148,6.678,0.044,0.007,-0.063,0.124,264.23131,0
19482,18.117,4.956,-16.652,-0.148,-0.006,-0.156,0.096,264.23131,0
19516,-6.19,4.916,-7.98,0.025,-0.16,0.111,0.127,264.23131,0
19550,18.726,3.567,-15.165,-0.071,0.012,-0.2,0.094,264.706544,0
19584,-15.879,-5.785,-7.365,-0.007,-0.036,-0.102,0.104,264.706544,0
19618,16.335,11.516,26.024,-0.09,0.1,0.074,0.125,264.706544,0
19652,-5.759,-14.091,-4.215,0.194,-0.091,-0.073,0.232,265.17942600000003,0
19686,10.896,20.171,14.373,0.05,0.017,0.091,0.093,265.17942600000003,0
19720,22.246,15.464,27.405,0.067,-0.017,-0.098,0.098,265.17942600000003,0
19754,15.762,2.264,0.548,0.061,0.057,0.023,0.203,265.17942600000003,0
19788,21.072,6.384,31.615,0.028,-0.096,-0.024,0.095,265.649696,0
19822,14.955,3.113,1.411,0.144,0.079,0.119,0.106,265.649696,0
19856,16.394,14.494,-14.246,-0.066,0.008,0.176,0.129,265.649696,0
19890,10.987,-11.511,-8.634,-0.064,-0.025,-0.137,0.127,266.117099,0
19924,-14.449,-2.949,-2.181,0.108,-0.108,0.091,0.094,266.117099,0
19958,35.482,10.245,36.615,-0.059,0.085,-0.076,0.113,266.117099,0
19992,-2.397,3.92,9.506,-0.046,-0.134,-0.234,0.105,266.581387,0
20026,28.286,7.647,-13.627,0.053,0.151,0.164,0.142,266.581387,0
20060,-9.926,1.174,-7.893,0.023,-0.286,-0.013,0.142,266.581387,0
20094,3.878,-20.627,-3.242,-0.18,-0.095,-0.041,0.171,267.042322,0
20128,-5.032,15.166,1.979,-0.217,-0.181,-0.067,0.111,267.042322,0
20162,47.293,21.263,39.431,-0.002,0.135,0.068,0.118,267.042322,0
20196,-9.243,0.773,7.799,0.321,-0.062,0.011,0.21,267.042322,0
20230,36.359,8.275,34.099,0.099,-0.096,0.018,0.106,267.499668,0
20264,4.135,-3.013,8.553,-0.04,0.047,-0.077,0.113,267.499668,0
20298,34.788,15.201,-14.173,-0.058,-0.029,0.188,0.125,267.499668,0
20332,2.82,0.066,20.699,0.107,0.018,-0.128,0.153,267.953202,0
20366,25.524,8.5,-12.6,0.054,0.009,0.023,0.119,267.953202,0
20400,-8.762,1.951,-12.96,0.138,0.204,0.334,0.106,267.953202,0
20434,3.231,0.483,20.03,-0.063,-0.14,-0.227,0.129,268.40270699999996,0
20468,25.7,14.977,-15.582,-0.004,0.051,-0.077,0.112,268.40270699999996,0
20502,-11.478,1.221,-11.072,0.065,0.204,0.059,0.125,268.40270699999996,0
20536,25.269,-1.984,40.959,-0.118,-0.257,-0.02,0.116,268.847972,0
20570,14.674,11.118,-4.526,0.005,0.088,0.026,0.141,268.847972,0
20604,10.147,2.225,-16.538,-0.074,0.115,-0.027,0.12,268.847972,0
20638,-1.217,-2.325,-0.73,0.121,-0.175,0.002,0.148,268.847972,0
20672,-3.724,2.806,14.081,-0.047,-0.006,-0.038,0.139,269.288796,0
20706,21.487,5.296,-14.877,0.076,0.125,-0.007,0.089,269.288796,0
20740,-14.081,6.829,-12.067,0.055,-0.135,0.124,0.14,269.288796,0
20774,31.97,4.889,35.0,0.193,0.276,0.39,0.134,269.724988,0
20808,-3.211,2.182,17.957,-0.11,-0.058,-0.154,0.104,269.724988,0
20842,37.545,10.133,-10.969,0.185,0.09,0.018,0.102,269.724988,0
20876,31.04,-1.073,40.813,-0.041,-0.08,0.089,0.13,270.156362,0
20910,0.901,4.249,5.621,-0.101,-0.063,-0.257,0.109,270.156362,0
20944,28.877,13.74,-15.31,-0.041,-0.016,0.003,0.115,270.156362,0
20978,25.442,2.394,36.722,0.22,-0.07,-0.001,0.14,270.582744,0
21012,8.785,9.385,-4.465,-0.077,0.047,-0.052,0.117,270.582744,0
21046,12.72,9.451,-18.912,-0.059,0.011,0.026,0.104,270.582744,0
21080,0.056,0.283,-0.581,-0.053,-0.048,-0.047,-0.004,271.003967,0
21114,28.417,6.188,-11.615,-0.26,0.136,0.278,0.099,271.003967,0
21148,-10.746,-1.737,-0.627,0.028,-0.165,0.038,0.105,271.003967,0
21182,44.742,25.917,29.493,-0.187,0.245,-0.207,0.108,271.003967,0
21216,-1.782,2.407,8.185,-0.147,0.086,-0.381,0.127,271.419872,0
21250,4.755,-1.83,-13.762,0.071,-0.166,0.047,0.118,271.419872,0
21284,29.537,11.334,36.553,-0.084,0.031,-0.011,0.103,271.419872,0
21318,26.448,11.006,-16.294,-0.152,0.228,0.233,0.098,271.830313,0
21352,-14.348,-1.387,-3.231,0.143,-0.062,0.13,0.109,271.830313,0
21386,33.667,19.294,32.65,0.09,0.122,-0.205,0.132,271.830313,0
21420,-6.903,-18.972,-6.839,0.064,-0.03,-0.009,0.174,272.235149,0
21454,48.401,9.76,43.59,0.2,0.094,0.031,0.116,272.235149,0
21488,21.694,1.231,-4.151,0.115,0.252,0.166,0.117,272.235149,0
21522,-26.707,-11.691,-5.679,0.142,-0.05,-0.047,0.209,272.235149,0
21556,2.003,-10.755,-13.354,0.146,-0.005,0.138,0.108,272.63425,0
21590,42.54,20.918,38.323,0.067,-0.12,-0.208,0.1,272.63425,0
21624,8.508,-7.033,3.631,0.346,-0.096,-0.006,0.117,272.63425,0
21658,56.728,5.0,47.182,0.091,-0.162,-0.039,0.122,273.027496,0
21692,25.152,8.788,-12.928,-0.005,0.074,0.043,0.114,273.027496,0
21726,-25.506,-13.337,0.066,-0.164,-0.479,-0.067,0.114,273.027496,0
21760,29.327,3.186,39.801,-0.21,-0.224,-0.321,0.103,273.414775,0
21794,32.793,5.255,-16.569,-0.103,0.137,0.076,0.117,273.414775,0
21828,-4.299,0.438,21.016,0.354,-0.13,-0.01,0.115,273.414775,0
21862,-8.583,-24.446,-5.583,0.093,-0.065,-0.177,0.13,273.79598799999997,0
21896,37.271,15.247,37.982,-0.067,-0.025,-0.044,0.108,273.79598799999997,0
21930,19.214,-0.984,-1.932,-0.021,0.105,-0.033,0.108,273.79598799999997,0
21964,-0.343,4.273,0.431,0.019,-0.004,-0.007,-0.005,274.17104,0
21998,-9.116,15.716,4.245,0.026,-0.073,-0.12,0.118,274.17104,0
22032,8.554,7.981,25.466,-0.23,-0.15,-0.325,0.091,274.17104,0
22066,27.31,19.128,-16.05,0.052,-0.01,0.273,0.149,274.17104,0
22100,37.124,20.811,31.781,0.024,-0.212,0.049,0.109,274.539851,0
22134,-3.839,3.108,5.692,0.029,0.003,-0.116,0.11,274.539851,0
22168,-19.996,0.032,-15.484,-0.074,-0.34,-0.077,0.109,274.539851,0
22202,48.42,1.264,42.725,0.003,-0.136,0.048,0.127,274.90234699999996,0
22236,19.989,10.152,-15.374,-0.032,0.015,0.035,0.128,274.90234699999996,0
22270,-19.213,-3.552,4.394,0.096,-0.162,0.053,0.11,274.90234699999996,0
22304,30.251,38.118,24.736,-0.067,-0.002,-0.034,0.104,275.258466,0
22338,-2.842,1.712,9.872,-0.09,0.071,-0.147,0.113,275.258466,0
22372,-0.362,6.806,-23.15,0.026,-0.006,0.231,0.133,275.258466,0
22406,-20.197,3.61,-1.095,0.218,-0.381,-0.292,0.219,275.608155,0
22440,44.993,5.447,43.282,-0.067,0.117,0.241,0.117,275.608155,0
22474,25.825,4.366,-16.805,-0.072,0.01,-0.1,0.098,275.608155,0
22508,-14.007,-11.733,5.033,0.081,-0.126,0.034,0.165,275.608155,0
22542,-1.028,1.491,10.939,-0.107,-0.104,-0.019,0.102,275.95137,0
22576,9.291,3.786,-19.096,0.201,-0.112,0.165,0.118,275.95137,0
22610,34.922,15.156,41.076,-0.227,0.035,-0.37,0.129,275.95137,0
22644,12.78,-10.162,-11.992,-0.133,-0.208,-0.157,0.116,276.288078,0
22678,22.771,13.203,28.075,0.119,0.109,0.127,0.104,276.288078,0
22712,-9.658,-6.058,4.812,0.136,0.213,-0.053,0.122,276.288078,0
22746,30.788,-2.821,-16.889,-0.176,0.039,0.098,0.101,276.61825600000003,0
22780,12.043,25.397,20.503,0.145,-0.096,0.02,0.106,276.61825600000003,0
22814,-3.356,-0.57,13.608,-0.023,0.307,-0.066,0.099,276.61825600000003,0
22848,6.487,7.727,2.183,-0.322,0.102,0.338,0.218,276.941889,0
22882,-9.911,-10.129,-9.328,-0.034,0.014,0.269,0.095,276.941889,0
22916,49.226,19.844,42.455,0.078,0.05,-0.063,0.111,276.941889,0
22950,25.249,8.566,-5.662,-0.226,-0.089,0.033,0.261,276.941889,0
22984,1.661,0.88,25.047,0.245,0.185,0.028,0.111,277.25897299999997,0
23018,21.08,9.181,-21.296,-0.032,0.054,0.182,0.109,277.25897299999997,0
23052,19.045,-0.595,35.544,-0.194,-0.325,-0.223,0.112,277.25897299999997,0
23086,-9.183,-17.47,-10.033,0.238,-0.025,-0.153,0.112,277.56951300000003,0
23120,56.664,19.86,44.823,-0.012,0.079,-0.036,0.112,277.56951300000003,0
23154,24.149,4.35,-6.656,-0.025,0.183,-0.115,0.096,277.56951300000003,0
23188,5.068,17.319,-6.504,-0.071,-0.078,-0.092,0.1,277.873524,0
23222,-17.56,-13.597,-10.525,-0.004,-0.114,0.05,0.101,277.873524,0
23256,62.356,25.981,49.722,0.11,0.107,-0.073,0.09,277.873524,0
23290,-2.492,0.377,17.995,-0.075,-0.134,-0.05,0.172,278.17103199999997,0
23324,9.329,-4.789,-13.849,-0.184,0.027,-0.077,0.105,278.17103199999997,0
23358,31.942,20.334,33.873,-0.019,-0.079,-0.006,0.085,278.17103199999997,0
23392,-6.62,-8.206,10.958,0.024,-0.014,-0.293,0.211,278.17103199999997,0
23426,-17.822,-19.739,-8.504,0.205,0.096,0.149,0.127,278.46206900000004,0
23460,48.276,26.411,39.474,-0.105,-0.054,0.226,0.089,278.46206900000004,0
23494,24.881,2.582,-4.334,0.096,0.04,-0.119,0.108,278.46206900000004,0
23528,23.934,24.463,25.331,0.001,0.04,0.174,0.112,278.74667999999997,0
23562,-7.56,-0.44,12.565,0.13,0.007,0.121,0.114,278.74667999999997,0
23596,-10.796,1.198,-15.58,-0.125,0.083,0.381,0.103,278.74667999999997,0
23630,-3.819,4.018,13.361,-0.049,0.091,-0.315,0.125,279.02491799999996,0
23664,-5.507,-6.768,-13.896,0.129,-0.046,-0.007,0.11,279.02491799999996,0
23698,45.502,19.106,40.364,0.058,0.002,-0.008,0.087,279.02491799999996,0
23732,35.668,11.873,-24.455,-0.228,-0.031,0.039,0.138,279.29684399999996,0
23766,-13.766,7.836,3.896,0.099,-0.047,0.304,0.112,279.29684399999996,0
23800,32.392,18.249,36.295,-0.009,-0.022,-0.103,0.101,279.29684399999996,0
23834,1.146,4.465,3.047,-0.067,-0.093,-0.09,-0.004,279.56253100000004,0
23868,37.388,8.902,41.379,0.176,0.093,0.16,0.099,279.56253100000004,0
23902,29.649,13.021,-20.249,-0.309,-0.073,-0.252,0.102,279.56253100000004,0
23936,-14.386,-8.363,12.87,-0.101,-0.073,-0.001,0.124,279.56253100000004,0
23970,28.344,2.733,41.031,-0.014,0.018,0.286,0.12,279.82205799999997,0
24004,35.428,10.397,-19.579,-0.175,0.065,0.1,0.126,279.82205799999997,0
24038,6.063,-8.484,30.33,0.244,0.229,0.221,0.114,279.82205799999997,0
24072,49.825,9.608,47.271,0.051,-0.157,0.157,0.112,280.075515,0
24106,32.2,5.089,-11.684,-0.018,0.212,0.173,0.091,280.075515,0
24140,-20.741,-8.44,11.664,0.156,-0.16,0.082,0.109,280.075515,0
24174,-32.622,4.082,-0.826,-0.022,-0.083,-0.075,0.113,280.323,0
24208,50.124,13.505,49.273,-0.308,0.019,-0.273,0.103,280.323,0
24242,48.043,13.074,-27.112,-0.038,0.124,0.023,0.108,280.323,0
24276,3.936,15.664,-1.854,-0.224,0.057,-0.279,0.238,280.564621,0
24310,-22.76,-19.212,-9.717,0.04,-0.024,0.088,0.125,280.564621,0
24344,58.031,28.961,45.707,-0.036,-0.099,0.259,0.085,280.564621,0
24378,39.666,3.532,-10.36,-0.168,-0.05,-0.16,0.194,280.564621,0
24412,-28.122,-15.426,-4.83,0.045,-0.237,-0.085,0.117,280.80049199999996,0
24446,56.684,29.234,41.839,0.051,-0.027,-0.246,0.107,280.80049199999996,0
24480,48.501,12.938,-14.967,-0.013,0.227,-0.016,0.129,280.80049199999996,0
24514,39.595,10.815,-22.869,-0.2,-0.155,-0.171,0.115,281.03073900000004,0
24548,-1.751,13.046,21.79,0.216,0.003,0.097,0.115,281.03073900000004,0
24582,-8.038,2.29,11.646,0.05,0.211,-0.093,0.111,281.03073900000004,0
24616,26.729,7.207,-10.822,-0.096,0.176,0.21,0.11,281.255493,0
24650,-19.739,-5.357,-2.397,0.195,-0.042,0.036,0.098,281.255493,0
24684,54.986,25.983,38.485,0.091,0.246,0.114,0.096,281.255493,0
24718,40.104,-4.242,-13.777,-0.19,0.209,0.264,0.226,281.474895,0
24752,30.448,21.98,23.606,-0.057,0.069,0.0,0.115,281.474895,0
24786,3.515,-4.803,10.021,0.076,0.197,0.054,0.087,281.474895,0
24820,-13.284,0.921,-16.786,-0.159,-0.179,-0.078,0.184,281.474895,0
24854,45.001,12.916,-19.274,-0.321,-0.192,-0.285,0.105,281.689094,0
24888,-7.028,-9.982,3.78,-0.059,-0.137,0.126,0.133,281.689094,0
24922,49.062,20.646,24.407,-0.297,0.14,-0.473,0.127,281.689094,0
24956,47.337,32.192,26.315,-0.113,-0.086,0.155,0.111,281.898245,0
24990,10.01,-2.739,9.925,0.029,-0.046,-0.085,0.116,281.898245,0
25024,2.197,0.376,-10.434,0.045,-0.029,0.257,0.103,281.898245,0
25058,47.145,15.606,-16.064,0.012,0.28,-0.065,0.128,282.10251300000004,0
25092,-8.873,-9.2,-2.76,-0.117,-0.284,-0.203,0.11,282.10251300000004,0
25126,69.573,25.586,40.926,-0.005,0.4,-0.049,0.091,282.10251300000004,0
25160,25.064,8.64,0.584,0.081,0.207,-0.302,0.233,282.30206899999996,0
25194,6.106,-12.929,-9.863,0.142,0.138,0.117,0.098,282.30206899999996,0
25228,85.561,28.393,47.064,-0.007,0.046,-0.223,0.085,282.30206899999996,0
25262,66.782,10.054,-11.804,-0.327,-0.068,0.087,0.196,282.30206899999996,0
25296,76.605,20.949,39.285,-0.203,-0.087,0.035,0.106,282.497093,0
25330,35.254,-0.261,2.306,-0.066,-0.144,-0.157,0.107,282.497093,0
25364,-6.137,-4.708,-12.019,0.087,-0.139,0.062,0.136,282.497093,0
25398,48.443,1.977,35.82,-0.175,-0.025,-0.055,0.116,282.68777,0
25432,64.982,10.38,-19.493,-0.057,0.165,0.122,0.13,282.68777,0
25466,56.123,1.128,38.837,0.136,0.014,0.2,0.109,282.68777,0
25500,60.244,-7.564,-14.067,-0.134,0.083,0.181,0.107,282.87429299999997,0
25534,65.099,20.786,32.428,0.003,0.022,0.141,0.099,282.87429299999997,0
25568,26.462,-9.01,3.675,-0.016,0.229,0.066,0.114,282.87429299999997,0
25602,71.775,0.324,44.595,0.078,-0.121,0.086,0.177,283.056861,0
25636,75.09,2.469,-17.57,-0.164,0.046,0.113,0.106,283.056861,0
25670,54.495,14.701,32.728,0.08,-0.063,-0.096,0.09,283.056861,0
25704,21.248,-5.386,12.061,0.484,-0.034,0.157,0.212,283.056861,0
25738,44.749,10.001,-1.815,0.046,-0.017,-0.276,0.093,283.235681,0
25772,14.685,-3.768,-13.059,0.109,-0.085,0.155,0.099,283.235681,0
25806,115.37,40.088,45.923,-0.259,-0.167,-0.563,0.123,283.235681,0
25840,31.771,-19.437,-9.294,0.101,-0.021,0.213,0.113,283.41096400000004,0
25874,103.52,24.615,49.919,-0.18,0.037,0.038,0.118,283.41096400000004,0
25908,70.943,-0.286,-7.127,-0.002,0.071,-0.084,0.121,283.41096400000004,0
25942,43.54,11.802,-0.785,-0.138,0.105,-0.224,0.122,283.58293,0
25976,21.825,-12.414,-12.836,0.013,0.049,0.224,0.118,283.58293,0
26010,113.66,33.931,55.914,-0.086,0.122,-0.452,0.107,283.58293,0
26044,41.751,1.127,11.464,-0.495,0.111,-0.153,0.2,283.751803,0
26078,43.897,-10.075,-15.466,0.271,-0.116,-0.177,0.101,283.751803,0
26112,107.99,26.517,47.571,0.235,-0.016,-0.137,0.102,283.751803,0
26146,70.037,-3.76,-0.924,0.047,0.247,0.084,0.213,283.751803,0
26180,89.756,8.748,-21.279,-0.263,0.049,-0.136,0.105,283.917812,0
26214,48.015,5.772,24.192,0.152,-0.134,0.161,0.118,283.917812,0
26248,44.747,1.529,10.849,0.091,0.433,-0.245,0.121,283.917812,0
26282,22.47,-19.118,-6.213,0.084,-0.177,-0.056,0.116,284.081193,0
26316,123.14,30.223,46.865,-0.14,0.036,0.208,0.12,284.081193,0
26350,101.97,9.643,-19.317,-0.172,0.228,0.099,0.115,284.081193,0
26384,39.555,25.661,7.851,-0.257,-0.315,-0.149,0.13,284.242187,0
26418,54.512,2.248,25.815,0.028,-0.033,-0.112,0.133,284.242187,0
26452,68.435,11.528,-25.936,-0.011,-0.003,0.234,0.133,284.242187,0
26486,43.59,-23.919,-4.952,0.182,0.008,-0.245,0.186,284.40103899999997,0
26520,127.38,21.537,51.544,0.07,0.045,-0.013,0.099,284.40103899999997,0
26554,90.385,8.812,-14.387,-0.209,-0.03,-0.015,0.113,284.40103899999997,0
26588,34.584,-27.836,11.105,0.066,0.001,0.289,0.209,284.40103899999997,0
26622,104.41,16.525,-24.107,0.098,0.3,0.046,0.098,284.558,0
26656,36.583,-8.774,12.917,0.039,-0.043,0.002,0.134,284.558,0
26690,58.551,-2.729,17.177,0.059,-0.205,-0.314,0.125,284.558,0
26724,24.781,-3.069,-1.535,0.442,-0.072,-0.057,0.113,284.713324,0
26758,105.66,21.955,43.361,-0.295,-0.204,-0.066,0.105,284.713324,0
26792,108.31,18.015,-22.636,0.175,0.37,0.141,0.13,284.713324,0
26826,125.39,27.452,46.709,-0.013,-0.238,-0.144,0.105,284.867269,0
26860,82.538,4.525,0.905,-0.022,-0.118,0.068,0.121,284.867269,0
26894,23.849,-9.916,-1.39,0.087,0.019,0.081,0.113,284.867269,0
26928,20.822,-2.417,1.647,0.253,-0.092,-0.157,0.166,285.0201,1
26962,101.08,15.094,40.57,0.088,0.118,0.146,0.085,285.0201,1
26996,105.46,13.354,-28.963,-0.139,0.061,0.229,0.117,285.0201,1
27030,66.793,3.044,0.763,-0.027,-0.034,-0.035,-0.004,285.172083,1
27064,84.312,4.941,38.037,-0.053,0.096,-0.191,0.078,285.172083,1
27098,90.055,11.305,-25.934,-0.094,0.059,-0.053,0.109,285.172083,1
27132,124.63,22.933,52.273,0.038,0.16,-0.45,0.17,285.172083,1
27166,63.985,-16.449,-10.293,0.381,-0.172,-0.355,0.111,285.629184,1
27200,137.13,31.665,52.858,-0.118,0.085,0.005,0.105,285.629184,1
27234,101.48,2.436,-8.641,-0.188,0.097,-0.164,0.117,285.629184,1
27268,71.232,4.785,29.804,-0.136,0.143,-0.252,0.098,286.26502,1
27302,79.224,-0.738,-19.18,-0.006,-0.11,-0.052,0.1,286.26502,1
27336,141.85,28.973,55.691,-0.025,-0.133,-0.206,0.103,286.26502,1
27370,136.12,21.537,50.782,-0.08,-0.029,0.064,0.14,286.902076,1
27404,92.198,5.707,-3.702,-0.042,0.075,-0.107,0.096,286.902076,1
27438,29.229,-18.526,-1.261,0.024,-0.005,0.236,0.118,286.902076,1
27472,68.106,-3.0,4.495,-0.119,0.193,-0.291,0.228,287.540114,1
27506,43.952,-20.299,-8.328,0.159,-0.152,0.076,0.087,287.540114,1
27540,155.02,35.209,48.868,-0.378,-0.007,0.002,0.105,287.540114,1
27574,134.19,10.233,-17.417,-0.125,0.284,0.089,0.16,287.540114,1
27608,134.97,5.593,52.133,-0.15,-0.113,-0.112,0.105,288.178896,1
27642,120.24,15.151,-20.559,-0.041,0.095,0.106,0.134,288.178896,1
27676,87.729,-10.118,36.08,0.006,-0.116,-0.052,0.114,288.178896,1
27710,90.516,11.773,-4.117,0.063,-0.046,-0.341,0.105,288.81818499999997,1
27744,36.0,-17.402,-5.602,0.238,-0.068,-0.083,0.124,288.81818499999997,1
27778,137.04,27.827,41.938,-0.038,-0.049,-0.231,0.108,288.81818499999997,1
27812,125.63,9.304,-27.198,-0.045,-0.034,0.028,0.16,289.457746,1
27846,88.624,18.917,24.008,0.278,0.052,0.029,0.11,289.457746,1
27880,76.273,-6.129,9.956,0.021,0.029,-0.273,0.106,289.457746,1
27914,80.89,-1.695,2.329,0.0,0.032,0.02,-0.004,289.457746,1
27948,158.81,16.308,53.468,-0.387,-0.287,-0.032,0.088,290.097347,1
27982,125.35,9.084,-17.803,-0.075,0.114,-0.081,0.122,290.097347,1
28016,68.556,-12.387,25.187,-0.013,-0.348,0.034,0.144,290.097347,1
28050,58.961,20.076,6.588,-0.164,0.118,0.179,0.102,290.736757,1
28084,82.222,-2.379,23.655,-0.139,0.0,-0.094,0.109,290.736757,1
28118,84.354,14.544,-21.128,0.036,0.009,-0.13,0.124,290.736757,1
28152,74.241,3.722,53.497,0.237,0.21,0.224,0.101,291.375747,1
28186,46.881,15.82,-18.516,-0.038,-0.075,-0.219,0.111,291.375747,1
28220,-10.697,-7.452,25.054,-0.145,-0.283,0.057,0.127,291.375747,1
28254,-27.421,19.944,3.156,0.282,-0.05,0.158,0.139,292.014092,1
28288,16.594,6.801,30.103,-0.175,0.08,-0.048,0.101,292.014092,1
28322,33.34,11.467,-21.315,-0.004,0.145,-0.024,0.087,292.014092,1
28356,23.942,11.771,9.321,0.009,0.183,0.04,0.16,292.014092,1
28390,19.588,-2.12,-13.806,-0.136,-0.049,-0.144,0.089,292.65157,1
28424,50.089,20.54,36.304,-0.227,0.024,0.139,0.11,292.65157,1
28458,3.204,-4.02,5.03,0.122,-0.046,-0.05,0.117,292.65157,1
28492,48.839,20.621,-21.818,-0.015,0.19,-0.219,0.119,293.287961,1
28526,-31.894,-13.163,2.77,0.071,0.063,0.192,0.102,293.287961,1
28560,39.84,16.576,31.89,-0.191,-0.075,-0.387,0.082,293.287961,1
28594,80.224,4.092,60.304,0.161,0.188,0.213,0.099,293.92305,1
28628,48.361,13.845,-17.04,-0.001,0.125,-0.03,0.101,293.92305,1
28662,-38.738,-14.635,9.585,0.329,-0.044,0.046,0.118,293.92305,1
28696,-18.798,35.41,7.655,-0.146,-0.127,0.22,0.167,294.556624,1
28730,4.136,3.624,28.331,-0.125,-0.145,-0.252,0.093,294.556624,1
28764,31.019,6.762,-21.541,-0.211,0.051,-0.094,0.116,294.556624,1
28798,12.162,-11.077,37.8,0.447,-0.012,-0.163,0.169,294.556624,1
28832,-32.96,-14.196,-8.548,-0.151,-0.192,0.023,0.097,295.18847700000003,1
28866,80.919,27.404,45.697,-0.148,0.005,0.17,0.104,295.18847700000003,1
28900,31.904,4.187,-9.768,0.085,0.17,0.07,0.108,295.18847700000003,1
28934,14.416,38.718,21.846,0.36,-0.086,0.219,0.1,295.818404,1
28968,-7.909,-1.081,20.248,-0.145,0.086,-0.147,0.093,295.818404,1
29002,10.346,13.757,-24.162,-0.032,-0.007,0.234,0.112,295.818404,1
29036,46.716,-0.05,-22.996,-0.04,0.081,0.117,0.11,296.44620799999996,1
29070,13.196,18.061,25.83,0.107,-0.222,-0.043,0.098,296.44620799999996,1
29104,-6.079,-3.328,13.547,0.163,0.181,-0.094,0.113,296.44620799999996,1
29138,-46.952,-17.785,-3.651,0.24,-0.169,-0.181,0.155,297.071694,1
29172,92.18,23.949,58.441,-0.133,-0.139,-0.006,0.064,297.071694,1
29206,53.116,5.676,-17.824,-0.136,-0.097,-0.037,0.094,297.071694,1
29240,33.451,-7.413,-18.46,0.181,0.549,-0.025,0.235,297.69467199999997,1
29274,13.961,28.135,25.054,0.033,-0.031,-0.146,0.071,297.69467199999997,1
29308,-3.556,-2.982,22.969,-0.082,0.199,-0.239,0.084,297.69467199999997,1
29342,16.68,20.223,-27.901,-0.18,0.019,0.187,0.18,297.69467199999997,1
29376,-3.982,8.743,1.737,0.056,0.225,-0.084,0.098,298.314961,1
29410,-29.393,-8.846,-18.573,0.02,0.094,0.201,0.097,298.314961,1
29444,87.277,38.713,57.953,-0.11,0.259,-0.327,0.092,298.314961,1
29478,-49.558,-16.299,-1.805,0.105,-0.123,-0.099,0.085,298.93238099999996,1
29512,80.18,29.116,49.284,0.189,0.128,0.028,0.096,298.93238099999996,1
29546,63.949,8.033,-25.197,-0.054,0.354,0.28,0.103,298.93238099999996,1
29580,3.535,-17.419,-9.207,0.222,-0.075,-0.262,0.118,299.546761,1
29614,33.875,29.624,31.326,-0.177,-0.079,-0.027,0.089,299.546761,1
29648,-8.995,-6.779,23.851,0.181,-0.129,-0.444,0.088,299.546761,1
29682,-0.528,-1.83,3.685,-0.082,-0.063,-0.134,-0.004,299.546761,1
29716,-29.432,11.933,7.733,0.037,-0.055,-0.172,0.084,300.15793299999996,1
29750,37.028,17.64,43.394,0.197,0.11,-0.218,0.098,300.15793299999996,1
29784,63.214,23.007,-27.736,-0.302,0.053,0.2,0.116,300.15793299999996,1
29818,16.484,11.566,-10.389,0.186,0.186,0.305,0.122,300.765739,1
29852,-38.016,-11.355,-10.346,0.162,-0.335,-0.05,0.094,300.765739,1
29886,94.718,40.91,61.677,-0.088,0.316,-0.248,0.093,300.765739,1
29920,26.226,12.739,-17.596,-0.348,0.094,0.315,0.086,301.370024,1
29954,-44.116,-17.702,-9.526,0.344,-0.249,0.124,0.101,301.370024,1
29988,93.14,37.581,61.239,-0.214,0.203,-0.206,0.115,301.370024,1
30022,79.1,1.093,65.034,0.25,0.253,0.254,0.123,301.970641,1
30056,38.608,13.835,-19.051,-0.27,-0.056,-0.132,0.085,301.970641,1
30090,-47.306,-16.877,-4.56,-0.09,-0.092,-0.048,0.105,301.970641,1
30124,37.555,35.737,13.826,-0.069,0.052,-0.303,0.153,301.970641,1
30158,35.983,29.458,33.587,-0.208,-0.048,0.12,0.105,302.56745,1
30192,-9.632,-7.62,22.082,0.307,-0.08,-0.23,0.098,302.56745,1
30226,5.241,26.255,-28.691,-0.208,0.087,0.014,0.114,302.56745,1
30260,-56.834,-16.633,-4.813,0.196,-0.102,-0.168,0.119,303.16031699999996,1
30294,86.873,32.693,48.482,-0.193,-0.027,0.167,0.112,303.16031699999996,1
30328,48.215,6.784,-13.85,0.017,0.11,-0.102,0.097,303.16031699999996,1
30362,30.532,2.406,46.932,-0.167,-0.124,0.107,0.09,303.74911699999996,1
30396,57.473,11.106,-26.113,-0.126,-0.015,-0.088,0.101,303.74911699999996,1
30430,-23.475,-5.193,27.366,0.135,0.025,0.072,0.112,303.74911699999996,1
30464,-10.487,6.72,5.16,-0.034,0.128,0.321,0.151,304.33373,1
30498,-5.17,-7.085,-17.323,0.305,0.024,-0.11,0.108,304.33373,1
30532,67.882,29.027,53.542,-0.063,0.191,0.172,0.108,304.33373,1
30566,-7.042,-16.43,13.39,0.04,0.235,-0.243,0.274,304.33373,1
30600,23.863,32.194,30.857,-0.04,-0.087,-0.117,0.117,304.914044,1
30634,-5.652,-5.009,23.533,-0.11,0.226,0.092,0.107,304.914044,1
30668,17.471,26.951,-26.499,-0.051,0.198,0.196,0.126,304.914044,1
30702,29.971,6.729,42.069,0.011,-0.093,0.107,0.121,305.489956,1
30736,59.766,12.902,-27.009,-0.082,0.233,-0.004,0.105,305.489956,1
30770,-24.279,-14.953,24.709,0.178,0.084,-0.139,0.118,305.489956,1
30804,79.551,10.903,61.744,0.203,0.169,0.081,0.084,306.061371,1
30838,55.328,14.481,-18.285,0.0,0.267,0.172,0.098,306.061371,1
30872,-43.811,-19.085,2.382,0.256,-0.564,-0.27,0.109,306.061371,1
30906,-5.947,0.054,12.905,-0.148,0.08,-0.143,0.129,306.628199,1
30940,-5.642,-4.128,-16.136,0.229,-0.114,0.081,0.11,306.628199,1
30974,48.606,15.214,43.425,-0.026,0.015,-0.319,0.118,306.628199,1
31008,-14.536,-10.962,8.82,0.158,0.202,-0.171,0.217,306.628199,1
31042,50.516,17.875,-28.149,-0.306,0.082,-0.238,0.116,307.19036,1
31076,-39.439,-17.471,4.472,0.243,-0.15,-0.049,0.125,307.19036,1
31110,66.923,44.446,44.535,-0.125,-0.094,-0.325,0.105,307.19036,1
31144,22.898,35.132,29.052,0.005,0.201,0.49,0.14,307.747784,1
31178,-5.564,0.967,23.066,0.08,-0.002,0.194,0.124,307.747784,1
31212,28.966,16.986,-29.632,-0.123,-0.113,0.014,0.113,307.747784,1
31246,-5.352,-18.683,-10.686,-0.026,-0.437,-0.064,0.146,308.300405,1
31280,54.785,23.895,39.913,0.086,0.085,0.049,0.122,308.300405,1
31314,-13.286,-11.863,11.797,0.134,-0.151,-0.057,0.115,308.300405,1
31348,95.596,3.617,66.04,-0.346,-0.126,0.504,0.171,308.848168,1
31382,34.637,12.175,-14.328,-0.058,0.167,-0.03,0.108,308.848168,1
31416,-50.068,-17.149,-10.703,0.004,-0.343,-0.069,0.122,308.848168,1
31450,98.169,47.14,58.461,0.051,0.246,-0.654,0.206,308.848168,1
31484,32.453,31.99,35.651,0.041,0.126,0.015,0.106,309.391028,1
31518,0.462,-2.802,28.205,-0.012,-0.142,-0.17,0.113,309.391028,1
31552,48.496,29.221,-26.914,0.205,-0.013,0.161,0.134,309.391028,1
31586,26.469,-9.987,-16.539,-0.316,0.078,-0.272,0.127,309.928945,1
31620,-14.648,4.128,18.448,-0.146,-0.508,-0.099,0.136,309.928945,1
31654,37.496,17.934,34.46,0.102,0.439,-0.096,0.145,309.928945,1
31688,90.452,19.327,59.54,0.084,0.223,0.021,0.122,310.46189100000004,1
31722,-1.149,-2.788,7.359,-0.051,0.114,0.183,0.131,310.46189100000004,1
31756,16.035,16.675,-30.563,0.011,0.179,0.129,0.144,310.46189100000004,1
31790,22.8,49.979,24.183,0.131,0.085,0.237,0.182,310.989843,1
31824,28.523,7.148,40.434,0.114,-0.027,-0.097,0.151,310.989843,1
31858,43.711,8.865,-21.343,-0.326,0.025,-0.082,0.109,310.989843,1
31892,-57.893,-3.918,-14.328,0.004,-0.208,0.626,0.176,310.989843,1
31926,24.499,6.084,38.965,-0.115,-0.123,0.262,0.137,311.512791,1
31960,46.501,11.67,-19.661,-0.231,0.167,-0.012,0.158,311.512791,1
31994,-44.943,2.184,-18.818,0.059,0.052,0.346,0.126,311.512791,1
32028,-15.534,6.053,7.007,0.113,0.141,-0.138,0.138,312.03073,1
32062,43.223,9.911,-23.425,-0.053,0.08,0.267,0.115,312.03073,1
32096,-46.431,-13.125,5.269,-0.121,-0.375,0.087,0.142,312.03073,1
32130,78.148,35.374,50.689,0.194,0.15,-0.253,0.141,312.543667,1
32164,-9.118,-5.257,20.444,0.166,0.099,0.202,0.124,312.543667,1
32198,52.832,19.268,-29.853,-0.113,0.306,0.066,0.124,312.543667,1
32232,-13.902,-16.061,1.118,0.267,0.174,0.196,0.168,312.543667,1
32266,50.181,11.787,-20.496,-0.014,0.223,0.101,0.167,313.051617,1
32300,-35.369,-4.091,-21.647,-0.065,-0.127,0.2,0.157,313.051617,1
32334,36.435,-3.477,51.097,-0.359,-0.283,0.216,0.149,313.051617,1
32368,-56.366,-12.523,-10.752,0.107,-0.102,-0.087,0.151,313.554601,1
32402,63.833,25.678,43.055,0.068,0.111,0.228,0.178,313.554601,1
32436,-9.716,-5.2,19.477,-0.041,-0.508,-0.314,0.125,313.554601,1
32470,-5.122,43.586,17.861,0.202,0.225,0.332,0.12,314.05265399999996,1
32504,72.079,18.385,52.306,-0.034,0.007,-0.108,0.142,314.05265399999996,1
32538,20.669,-1.625,-9.364,-0.028,0.189,0.097,0.129,314.05265399999996,1
32572,36.278,-7.286,-16.699,0.154,0.202,0.096,0.169,314.545817,1
32606,-35.015,-2.582,3.023,0.03,-0.036,0.076,0.111,314.545817,1
32640,89.989,41.367,53.646,-0.323,-0.125,0.081,0.159,314.545817,1
32674,2.235,-17.489,9.608,0.283,-0.001,-0.168,0.262,314.545817,1
32708,-14.509,-0.741,15.993,0.087,0.287,0.371,0.128,315.03414,1
32742,52.072,14.136,-28.589,-0.248,0.187,0.195,0.156,315.03414,1
32776,-51.325,-27.595,2.063,0.304,-0.507,-0.286,0.148,315.03414,1
32810,51.922,13.94,-28.921,-0.247,0.152,-0.081,0.206,315.51768300000003,1
32844,-64.197,-24.498,-6.92,0.083,-0.402,-0.355,0.188,315.51768300000003,1
32878,85.342,28.309,60.109,-0.097,-0.075,-0.005,0.158,315.51768300000003,1
32912,-12.584,45.823,16.717,0.097,-0.176,-0.425,0.128,315.99651300000005,1
32946,57.457,21.698,50.513,0.218,0.001,-0.206,0.125,315.99651300000005,1
32980,51.554,2.41,-20.667,0.189,0.04,0.05,0.16,315.99651300000005,1
33014,51.787,46.701,32.733,-0.257,-0.022,0.108,0.227,316.470709,1
33048,6.265,5.144,38.91,0.125,-0.008,-0.182,0.145,316.470709,1
33082,72.435,16.935,-27.213,-0.191,0.37,-0.021,0.135,316.470709,1
33116,-0.906,1.985,-0.943,0.031,0.006,-0.005,-0.005,316.940357,1
33150,-30.726,-18.178,-16.168,0.265,0.0,0.127,0.154,316.940357,1
33184,40.93,20.693,40.572,0.127,-0.195,-0.12,0.198,316.940357,1
33218,20.534,17.117,32.93,0.357,0.292,-0.101,0.194,316.940357,1
33252,-27.626,25.2,12.995,0.086,-0.135,-0.004,0.161,317.40554999999995,1
33286,76.383,28.82,56.896,0.028,0.119,-0.264,0.167,317.40554999999995,1
33320,27.882,3.753,-7.314,0.152,0.171,0.094,0.133,317.40554999999995,1
33354,79.002,27.789,53.289,0.038,-0.041,0.034,0.191,317.866395,1
33388,-12.692,-6.1,23.97,0.165,-0.079,-0.127,0.181,317.866395,1
33422,38.265,18.895,-31.301,-0.245,0.22,0.47,0.193,317.866395,1
33456,102.36,17.434,66.586,-0.118,-0.294,0.083,0.26,318.323002,1
33490,11.333,7.002,-5.788,-0.067,-0.031,-0.059,0.196,318.323002,1
33524,-20.819,-1.287,-29.286,-0.1,-0.074,0.041,0.2,318.323002,1
33558,37.232,2.464,58.867,0.685,-0.029,-0.249,0.244,318.323002,1
33592,-58.77,3.016,0.216,0.665,-0.284,-0.49,0.192,318.775493,1
33626,116.01,39.91,63.469,0.106,-0.077,-0.089,0.165,318.775493,1
33660,19.19,-11.262,-3.991,-0.017,-0.257,-0.109,0.188,318.775493,1
33694,14.375,-3.59,45.513,0.4,0.323,-0.015,0.321,319.223997,1
33728,67.108,16.772,-29.113,-0.269,-0.143,-0.124,0.168,319.223997,1
33762,-46.221,-18.049,8.511,0.342,-0.04,0.085,0.201,319.223997,1
33796,80.844,39.672,44.327,-0.083,0.363,-0.093,0.223,319.223997,1
33830,-45.413,5.929,2.658,0.038,-0.164,0.047,0.204,319.668654,1
33864,53.542,24.742,48.933,0.1,-0.241,-0.194,0.207,319.668654,1
33898,78.124,13.355,-23.887,-0.057,0.162,0.079,0.199,319.668654,1
33932,111.37,10.187,70.108,0.123,0.001,-0.02,0.187,320.109609,1
33966,55.421,13.158,-19.062,-0.048,0.078,0.026,0.259,320.109609,1
34000,-71.174,-16.196,-4.444,0.092,-0.172,-0.026,0.209,320.109609,1
34034,-1.045,-3.442,2.764,0.038,0.041,0.052,-0.001,320.109609,1
34068,99.449,20.995,61.143,0.22,-0.29,-0.146,0.268,320.547017,1
34102,7.312,0.477,2.001,-0.112,-0.16,-0.129,0.299,320.547017,1
34136,-50.764,-5.416,-18.529,-0.459,-0.196,0.264,0.269,320.547017,1
34170,50.66,11.135,-28.266,-0.011,-0.101,-0.273,0.252,320.981042,1
34204,-49.57,-12.586,2.313,0.126,-0.148,-0.07,0.193,320.981042,1
34238,79.188,40.579,55.698,0.115,0.117,-0.348,0.216,320.981042,1
34272,39.58,10.398,-22.426,0.029,0.201,-0.001,0.286,321.411854,1
34306,-60.935,-21.183,-12.27,0.216,-0.221,0.011,0.226,321.411854,1
34340,89.163,35.993,58.854,-0.358,-0.162,-0.058,0.22,321.411854,1
34374,-8.286,-10.631,8.86,0.267,-0.046,-0.251,0.333,321.411854,1
34408,-13.861,16.742,15.672,-0.102,-0.342,-0.046,0.213,321.839631,1
34442,28.498,15.499,38.321,0.074,0.12,-0.008,0.443,321.839631,1
34476,80.465,25.378,-28.47,-0.49,0.078,-0.215,0.262,321.839631,1
34510,-5.086,-3.61,25.744,0.343,-0.214,0.054,0.234,322.264561,1
34544,52.088,21.429,-29.397,-0.222,0.04,0.173,0.25,322.264561,1
34578,-33.809,-21.675,18.56,0.201,0.142,0.006,0.227,322.264561,1
34612,-4.858,34.91,19.376,-0.306,-0.31,-0.039,0.198,322.68683699999997,1
34646,32.895,9.382,38.173,-0.005,-0.031,-0.037,0.227,322.68683699999997,1
34680,69.325,17.855,-28.986,-0.127,-0.027,-0.062,0.255,322.68683699999997,1
34714,-4.128,3.112,10.7,-0.106,-0.03,-0.032,0.061,322.68683699999997,1
